rank,item,repo_name,stars,forks,language,repo_url,username,issues,last_commit,description
1,LLM,langchain,64676,9180,Python,https://github.com/langchain-ai/langchain,langchain-ai,1665,2023-10-14T02:50:23Z,âš¡ Building applications with LLMs through composability âš¡
2,LLM,gpt4all,53074,5838,C++,https://github.com/nomic-ai/gpt4all,nomic-ai,228,2023-10-13T18:16:51Z,gpt4all: open-source LLM chatbots that you can run anywhere
3,LLM,gpt_academic,43420,5667,Python,https://github.com/binary-husky/gpt_academic,binary-husky,287,2023-10-13T09:02:01Z,"ä¸ºChatGPT/GLMæä¾›å®ç”¨åŒ–äº¤äº’ç•Œé¢ï¼Œç‰¹åˆ«ä¼˜åŒ–è®ºæ–‡é˜…è¯»/æ¶¦è‰²/å†™ä½œä½“éªŒï¼Œæ¨¡å—åŒ–è®¾è®¡ï¼Œæ”¯æŒè‡ªå®šä¹‰å¿«æ·æŒ‰é’®&å‡½æ•°æ’ä»¶ï¼Œæ”¯æŒPythonå’ŒC++ç­‰é¡¹ç›®å‰–æ&è‡ªè¯‘è§£åŠŸèƒ½ï¼ŒPDF/LaTexè®ºæ–‡ç¿»è¯‘&æ€»ç»“åŠŸèƒ½ï¼Œæ”¯æŒå¹¶è¡Œé—®è¯¢å¤šç§LLMæ¨¡å‹ï¼Œæ”¯æŒchatglm2ç­‰æœ¬åœ°æ¨¡å‹ã€‚å…¼å®¹æ–‡å¿ƒä¸€è¨€, moss, llama2, rwkv, claude2, é€šä¹‰åƒé—®, ä¹¦ç”Ÿ, è®¯é£æ˜Ÿç«ç­‰ã€‚"
4,LLM,MetaGPT,27878,3282,Python,https://github.com/geekan/MetaGPT,geekan,139,2023-10-14T03:02:08Z,"ğŸŒŸ The Multi-Agent Framework: Given one line Requirement, return PRD, Design, Tasks, Repo"
5,LLM,quivr,23445,2503,TypeScript,https://github.com/StanGirard/quivr,StanGirard,123,2023-10-13T07:54:32Z,"ğŸ§  Your Second Brain supercharged by Generative AI ğŸ§  Dump all your files and chat with your personal assistant on your files & more using GPT 3.5/4, Private, Anthropic, VertexAI, LLMs..."
6,LLM,milvus,23415,2547,Go,https://github.com/milvus-io/milvus,milvus-io,446,2023-10-14T03:04:39Z,"A cloud-native vector database, storage for next generation AI applications"
7,LLM,llama_index,22442,2677,Python,https://github.com/run-llama/llama_index,run-llama,263,2023-10-13T23:21:03Z,LlamaIndex (formerly GPT Index) is a data framework for your LLM applications
8,LLM,JARVIS,21951,1883,Python,https://github.com/microsoft/JARVIS,microsoft,65,2023-09-10T05:50:43Z,"JARVIS, a system to connect LLMs with ML community. Paper: https://arxiv.org/pdf/2303.17580.pdf"
9,LLM,mindsdb,18164,2385,Python,https://github.com/mindsdb/mindsdb,mindsdb,505,2023-10-13T21:46:09Z,MindsDB connects AI models to datasources.
10,LLM,Langchain-Chatchat,16878,2838,Python,https://github.com/chatchat-space/Langchain-Chatchat,chatchat-space,71,2023-10-12T08:18:56Z,"Langchain-Chatchatï¼ˆåŸLangchain-ChatGLMï¼‰åŸºäº Langchain ä¸ ChatGLM ç­‰è¯­è¨€æ¨¡å‹çš„æœ¬åœ°çŸ¥è¯†åº“é—®ç­” | Langchain-Chatchat (formerly langchain-ChatGLM), local knowledge based LLM (like ChatGLM) QA app with langchain "
11,LLM,Mr.-Ranedeer-AI-Tutor,16737,1640,,https://github.com/JushBJJ/Mr.-Ranedeer-AI-Tutor,JushBJJ,9,2023-10-04T15:41:04Z,A GPT-4 AI Tutor Prompt for customizable personalized learning experiences.
12,LLM,Flowise,16678,7718,TypeScript,https://github.com/FlowiseAI/Flowise,FlowiseAI,194,2023-10-14T00:48:35Z,Drag & drop UI to build your customized LLM flow
13,LLM,unilm,15872,2161,Python,https://github.com/microsoft/unilm,microsoft,417,2023-10-14T01:33:41Z,"Large-scale Self-supervised Pre-training Across Tasks, Languages, and Modalities"
14,LLM,chatbox,14947,1575,TypeScript,https://github.com/Bin-Huang/chatbox,Bin-Huang,207,2023-10-09T10:03:42Z,"Chatbox is a desktop app for multiple cutting-edge LLM models that available on Windows, Mac, Linux"
15,LLM,Chinese-LLaMA-Alpaca,14907,1546,Python,https://github.com/ymcui/Chinese-LLaMA-Alpaca,ymcui,3,2023-08-30T11:05:25Z,ä¸­æ–‡LLaMA&Alpacaå¤§è¯­è¨€æ¨¡å‹+æœ¬åœ°CPU/GPUè®­ç»ƒéƒ¨ç½² (Chinese LLaMA & Alpaca LLMs)
16,LLM,ChatDev,13761,1474,Python,https://github.com/OpenBMB/ChatDev,OpenBMB,29,2023-10-14T00:14:26Z,Create Customized Software using Natural Language Idea (through LLM-powered Multi-Agent Collaboration)
17,LLM,semantic-kernel,13700,1993,C#,https://github.com/microsoft/semantic-kernel,microsoft,350,2023-10-13T21:34:45Z,Integrate cutting-edge LLM technology quickly and easily into your apps
18,LLM,ChatGLM2-6B,13501,2137,Python,https://github.com/THUDM/ChatGLM2-6B,THUDM,347,2023-10-10T06:18:30Z,ChatGLM2-6B: An Open Bilingual Chat LLM | å¼€æºåŒè¯­å¯¹è¯è¯­è¨€æ¨¡å‹
19,LLM,mlc-llm,13320,965,Python,https://github.com/mlc-ai/mlc-llm,mlc-ai,152,2023-10-14T00:51:49Z,"Enable everyone to develop, optimize and deploy AI models natively on everyone's devices."
20,LLM,dalai,12823,1441,CSS,https://github.com/cocktailpeanut/dalai,cocktailpeanut,298,2023-06-30T13:51:06Z,The simplest way to run LLaMA on your local machine
21,LLM,SuperAGI,12622,1522,Python,https://github.com/TransformerOptimus/SuperAGI,TransformerOptimus,101,2023-10-13T12:15:18Z,"<âš¡ï¸> SuperAGI - A dev-first open source autonomous AI agent framework. Enabling developers to build, manage & run useful autonomous agents quickly and reliably."
22,LLM,ChuanhuChatGPT,12596,1994,Python,https://github.com/GaiZhenbiao/ChuanhuChatGPT,GaiZhenbiao,63,2023-10-12T15:50:27Z,"GUI for ChatGPT API and many LLMs. Supports agents, file-based QA, GPT finetuning and query with web search. All with a neat UI."
23,LLM,evals,12120,2282,Python,https://github.com/openai/evals,openai,78,2023-10-12T17:11:13Z,"Evals is a framework for evaluating LLMs and LLM systems, and an open-source registry of benchmarks."
24,LLM,LocalAI,12042,1077,Go,https://github.com/go-skynet/LocalAI,go-skynet,168,2023-10-13T21:55:21Z,":robot: The free, Open Source OpenAI alternative. Self-hosted, community-driven and local-first. Drop-in replacement for OpenAI running on consumer-grade hardware. No GPU required. Runs ggml, gguf, GPTQ, onnx, TF compatible models: llama, llama2, rwkv, whisper, vicuna, koala, cerebras, falcon, dolly, starcoder, and many others"
25,LLM,haystack,11148,1425,Python,https://github.com/deepset-ai/haystack,deepset-ai,424,2023-10-13T20:18:56Z,":mag: LLM orchestration framework to build customizable, production-ready LLM applications. Connect components (models, vector DBs, file converters) to pipelines or agents that can interact with your data. With advanced retrieval methods, it's best suited for building RAG, question answering, semantic search or conversational agent chatbots."
26,LLM,botpress,11130,1588,TypeScript,https://github.com/botpress/botpress,botpress,2,2023-10-10T20:44:51Z,The open-source hub to build & deploy GPT/LLM Agents âš¡ï¸
27,LLM,PaddleNLP,10310,2664,Python,https://github.com/PaddlePaddle/PaddleNLP,PaddlePaddle,604,2023-10-14T03:04:21Z,"ğŸ‘‘ Easy-to-use and powerful NLP and LLM library with ğŸ¤— Awesome model zoo, supporting wide-range of NLP tasks from research to industrial applications, including ğŸ—‚Text Classification,  ğŸ” Neural Search, â“ Question Answering, â„¹ï¸ Information Extraction, ğŸ“„ Document Intelligence, ğŸ’Œ Sentiment Analysis etc."
28,LLM,peft,10130,822,Python,https://github.com/huggingface/peft,huggingface,51,2023-10-13T23:01:25Z,ğŸ¤— PEFT: State-of-the-art Parameter-Efficient Fine-Tuning.
29,LLM,RWKV-LM,9987,687,Python,https://github.com/BlinkDL/RWKV-LM,BlinkDL,29,2023-10-05T18:26:35Z,"RWKV is an RNN with transformer-level LLM performance. It can be directly trained like a GPT (parallelizable). So it's combining the best of RNN and transformer - great performance, fast inference, saves VRAM, fast training, ""infinite"" ctx_len, and free sentence embedding."
30,LLM,ludwig,9928,1107,Python,https://github.com/ludwig-ai/ludwig,ludwig-ai,254,2023-10-13T22:52:34Z,"Low-code framework for building custom LLMs, neural networks, and other AI models"
31,LLM,ollama,9578,522,Go,https://github.com/jmorganca/ollama,jmorganca,105,2023-10-14T00:27:56Z,Get up and running with Llama 2 and other large language models locally
32,LLM,dify,8921,1300,TypeScript,https://github.com/langgenius/dify,langgenius,30,2023-10-14T02:31:50Z,"One API for plugins and datasets, one interface for prompt engineering and visual operation, all for creating powerful AI applications."
33,LLM,llama-gpt,8915,540,TypeScript,https://github.com/getumbrel/llama-gpt,getumbrel,53,2023-10-10T13:53:20Z,"A self-hosted, offline, ChatGPT-like chatbot. Powered by Llama 2. 100% private, with no data leaving your device. New: Code Llama support!"
34,LLM,pandas-ai,8727,705,Python,https://github.com/gventuri/pandas-ai,gventuri,107,2023-10-13T23:16:41Z,"PandasAI is the Python library that integrates Gen AI into pandas, making data analysis conversational"
35,LLM,Awesome-LLM,8512,615,,https://github.com/Hannibal046/Awesome-LLM,Hannibal046,0,2023-10-12T14:22:37Z,Awesome-LLM: a curated list of Large Language Model
36,LLM,gorilla,8344,624,Python,https://github.com/ShishirPatil/gorilla,ShishirPatil,28,2023-10-07T00:33:51Z,Gorilla: An API store for LLMs
37,LLM,vllm,8331,925,Python,https://github.com/vllm-project/vllm,vllm-project,421,2023-10-14T02:20:35Z,A high-throughput and memory-efficient inference and serving engine for LLMs
38,LLM,nebuly,8307,664,Python,https://github.com/nebuly-ai/nebuly,nebuly-ai,98,2023-10-09T10:42:22Z,Developer toolkit for making AI models better
39,LLM,open-llms,8173,454,,https://github.com/eugeneyan/open-llms,eugeneyan,1,2023-09-28T09:04:45Z,ğŸ“‹ A list of open LLMs available for commercial use.
40,LLM,h2ogpt,8094,967,Python,https://github.com/h2oai/h2ogpt,h2oai,169,2023-10-14T01:51:49Z,"Private Q&A and summarization of documents+images or chat with local GPT, 100% private, Apache 2.0. Supports LLaMa2, llama.cpp, and more. Demo: https://gpt.h2o.ai/ https://codellama.h2o.ai/"
41,LLM,qlora,7896,698,Jupyter Notebook,https://github.com/artidoro/qlora,artidoro,168,2023-10-03T12:37:11Z,QLoRA: Efficient Finetuning of Quantized LLMs
42,LLM,petals,7677,372,Python,https://github.com/bigscience-workshop/petals,bigscience-workshop,59,2023-10-08T19:10:27Z,"ğŸŒ¸ Run LLMs at home, BitTorrent-style. Fine-tuning and inference up to 10x faster than offloading"
43,LLM,web-llm,7582,443,TypeScript,https://github.com/mlc-ai/web-llm,mlc-ai,51,2023-10-13T21:25:44Z,Bringing large-language models and chat to web browsers. Everything runs inside the browser with no server support.
44,LLM,DB-GPT,7285,1045,Python,https://github.com/eosphoros-ai/DB-GPT,eosphoros-ai,174,2023-10-13T15:27:51Z,Revolutionizing Database Interactions with Private LLM Technology
45,LLM,deeplake,6960,534,Python,https://github.com/activeloopai/deeplake,activeloopai,51,2023-10-13T20:20:16Z,"Database for AI. Store Vectors, Images, Texts, Videos, etc. Use with LLMs/LangChain. Store, query, version, & visualize any AI data. Stream data in real-time to PyTorch/TensorFlow. https://activeloop.ai"
46,LLM,TypeChat,6810,303,TypeScript,https://github.com/microsoft/TypeChat,microsoft,33,2023-10-10T05:31:19Z,TypeChat is a library that makes it easy to build natural language interfaces using types.
47,LLM,prompt-engineering-for-developers,6755,800,Jupyter Notebook,https://github.com/datawhalechina/prompt-engineering-for-developers,datawhalechina,3,2023-09-25T08:23:33Z,é¢å‘å¼€å‘è€…çš„ LLM å…¥é—¨æ•™ç¨‹ï¼Œå´æ©è¾¾å¤§æ¨¡å‹ç³»åˆ—è¯¾ç¨‹ä¸­æ–‡ç‰ˆ
48,LLM,LLMsPracticalGuide,6707,480,,https://github.com/Mooler0410/LLMsPracticalGuide,Mooler0410,7,2023-08-06T18:49:52Z,"A curated list of practical guide resources of LLMs (LLMs Tree, Examples, Papers)"
49,LLM,OpenLLM,6312,433,Python,https://github.com/bentoml/OpenLLM,bentoml,58,2023-10-13T19:28:45Z,Operating LLMs in production
50,LLM,Self-Hosting-Guide,6194,299,Dockerfile,https://github.com/mikeroyal/Self-Hosting-Guide,mikeroyal,1,2023-10-12T19:47:32Z,"Self-Hosting Guide. Learn all about  locally hosting (on premises & private web servers) and managing software applications by yourself or your organization. Including Cloud, LLMs, WireGuard, Automation, Home Assistant, and Networking."
51,LLM,Llama2-Chinese,6182,551,Python,https://github.com/FlagAlpha/Llama2-Chinese,FlagAlpha,93,2023-10-12T09:04:16Z,Llamaä¸­æ–‡ç¤¾åŒºï¼Œæœ€å¥½çš„ä¸­æ–‡Llamaå¤§æ¨¡å‹ï¼Œå®Œå…¨å¼€æºå¯å•†ç”¨
52,LLM,LLMSurvey,5940,481,Python,https://github.com/RUCAIBox/LLMSurvey,RUCAIBox,12,2023-10-12T14:24:04Z,"The official GitHub page for the survey paper ""A Survey of Large Language Models""."
53,LLM,promptflow,5593,343,Python,https://github.com/microsoft/promptflow,microsoft,47,2023-10-13T11:23:47Z,"Build high-quality LLM apps - from prototyping, testing to production deployment and monitoring."
54,LLM,embedchain,5566,1022,Python,https://github.com/embedchain/embedchain,embedchain,118,2023-10-13T22:40:04Z,"Data platform for LLMs - Load, index, retrieve and sync any unstructured data"
55,LLM,openplayground,5549,407,TypeScript,https://github.com/nat/openplayground,nat,52,2023-10-07T21:58:42Z,An LLM playground you can run on your laptop
56,LLM,sweep,5540,218,Python,https://github.com/sweepai/sweep,sweepai,216,2023-10-14T00:42:08Z,Sweep: AI-powered Junior Developer for small features and bug fixes.
57,LLM,wenda,5531,717,JavaScript,https://github.com/wenda-LLM/wenda,wenda-LLM,35,2023-10-10T23:50:26Z,é—»è¾¾ï¼šä¸€ä¸ªLLMè°ƒç”¨å¹³å°ã€‚ç›®æ ‡ä¸ºé’ˆå¯¹ç‰¹å®šç¯å¢ƒçš„é«˜æ•ˆå†…å®¹ç”Ÿæˆï¼ŒåŒæ—¶è€ƒè™‘ä¸ªäººå’Œä¸­å°ä¼ä¸šçš„è®¡ç®—èµ„æºå±€é™æ€§ï¼Œä»¥åŠçŸ¥è¯†å®‰å…¨å’Œç§å¯†æ€§é—®é¢˜
58,LLM,e2b,5499,481,Python,https://github.com/e2b-dev/e2b,e2b-dev,7,2023-10-14T02:47:40Z,Sandboxed cloud environments for AI agents & apps with a single line of code
59,LLM,Qwen,5452,396,Python,https://github.com/QwenLM/Qwen,QwenLM,97,2023-10-14T02:30:06Z,The official repo of Qwen (é€šä¹‰åƒé—®) chat & pretrained large language model proposed by Alibaba Cloud.
60,LLM,GPTCache,5356,367,Python,https://github.com/zilliztech/GPTCache,zilliztech,23,2023-09-28T10:27:32Z,Semantic cache for LLMs. Fully integrated with LangChain and llama_index. 
61,LLM,RealChar,5301,599,JavaScript,https://github.com/Shaunwei/RealChar,Shaunwei,52,2023-10-08T07:47:28Z,"ğŸ™ï¸ğŸ¤–Create, Customize and Talk to your AI Character/Companion in Realtime (All in One Codebase!). Have a natural seamless conversation with AI everywhere (mobile, web and terminal) using LLM OpenAI GPT3.5/4, Anthropic Claude2, Chroma Vector DB, Whisper Speech2Text, ElevenLabs Text2SpeechğŸ™ï¸ğŸ¤–"
62,LLM,awesome-langchain,5220,344,,https://github.com/kyrolabs/awesome-langchain,kyrolabs,0,2023-10-13T03:10:15Z,ğŸ˜ Awesome list of tools and projects with the awesome LangChain framework
63,LLM,txtai,5202,399,Python,https://github.com/neuml/txtai,neuml,16,2023-10-10T15:37:52Z,"ğŸ’¡ All-in-one open-source embeddings database for semantic search, LLM orchestration and language model workflows"
64,LLM,PentestGPT,5172,589,Python,https://github.com/GreyDGL/PentestGPT,GreyDGL,16,2023-10-12T04:08:56Z,A GPT-empowered penetration testing tool
65,LLM,FastGPT,5014,1032,TypeScript,https://github.com/labring/FastGPT,labring,25,2023-10-13T16:37:35Z,"FastGPT is a knowledge-based QA system built on the LLM, offers out-of-the-box data processing and model invocation capabilities, allows for workflow orchestration through Flow visualization!"
66,LLM,llm,4999,281,Rust,https://github.com/rustformers/llm,rustformers,67,2023-10-08T22:32:14Z,An ecosystem of Rust libraries for working with large language models
67,LLM,LLaMA-Factory,4938,962,Python,https://github.com/hiyouga/LLaMA-Factory,hiyouga,51,2023-10-13T08:28:07Z,"Easy-to-use LLM fine-tuning framework (LLaMA-2, BLOOM, Falcon, Baichuan, Qwen, ChatGLM2)"
68,LLM,streaming-llm,4879,256,Python,https://github.com/mit-han-lab/streaming-llm,mit-han-lab,13,2023-10-05T15:14:13Z,Efficient Streaming Language Models with Attention Sinks
69,LLM,one-api,4875,1146,Go,https://github.com/songquanpeng/one-api,songquanpeng,126,2023-10-12T02:09:58Z,"OpenAI æ¥å£ç®¡ç† & åˆ†å‘ç³»ç»Ÿï¼Œæ”¯æŒ Azureã€Anthropic Claudeã€Google PaLM 2ã€æ™ºè°± ChatGLMã€ç™¾åº¦æ–‡å¿ƒä¸€è¨€ã€è®¯é£æ˜Ÿç«è®¤çŸ¥ã€é˜¿é‡Œé€šä¹‰åƒé—®ã€360 æ™ºè„‘ä»¥åŠè…¾è®¯æ··å…ƒï¼Œå¯ç”¨äºäºŒæ¬¡åˆ†å‘ç®¡ç† keyï¼Œä»…å•å¯æ‰§è¡Œæ–‡ä»¶ï¼Œå·²æ‰“åŒ…å¥½ Docker é•œåƒï¼Œä¸€é”®éƒ¨ç½²ï¼Œå¼€ç®±å³ç”¨. OpenAI key management & redistribution system, using a single API for all LLMs, and features an English UI."
70,LLM,DevOpsGPT,4842,610,Python,https://github.com/kuafuai/DevOpsGPT,kuafuai,14,2023-10-13T16:08:54Z,Multi agent system for AI-driven software development. Combine LLM with DevOps tools to convert natural language requirements into working software. Supports any development language and extends the existing code.
71,LLM,ai,4777,935,TypeScript,https://github.com/vercel/ai,vercel,66,2023-10-11T03:18:23Z,"Build AI-powered applications with React, Svelte, Vue, and Solid"
72,LLM,OpenChat,4708,718,Blade,https://github.com/openchatai/OpenChat,openchatai,33,2023-09-25T19:18:10Z,LLMs custom-chatbots console âš¡
73,LLM,Bard-API,4578,571,Python,https://github.com/dsdanielpark/Bard-API,dsdanielpark,28,2023-10-10T07:03:55Z,The unofficial python package that returns response of Google Bard through cookie value.
74,LLM,continue,4445,184,Python,https://github.com/continuedev/continue,continuedev,45,2023-10-13T23:34:07Z,â© the open-source autopilot for software developmentâ€”bring the power of ChatGPT to VS Code and JetBrains
75,LLM,BigDL,4430,1147,Jupyter Notebook,https://github.com/intel-analytics/BigDL,intel-analytics,621,2023-10-13T23:05:06Z,Accelerate LLM with low-bit (INT3 / INT4 / NF4 / INT5 / INT8) optimizations using bigdl-llm
76,LLM,CodeGen,4404,329,Python,https://github.com/salesforce/CodeGen,salesforce,34,2023-09-22T21:32:17Z,CodeGen is a family of open-source model for program synthesis. Trained on TPU-v4. Competitive with OpenAI Codex.
77,LLM,Chinese-LLaMA-Alpaca-2,4347,322,Python,https://github.com/ymcui/Chinese-LLaMA-Alpaca-2,ymcui,13,2023-10-09T02:45:41Z,"ä¸­æ–‡LLaMA-2 & Alpaca-2å¤§æ¨¡å‹äºŒæœŸé¡¹ç›® + 16Kè¶…é•¿ä¸Šä¸‹æ–‡æ¨¡å‹ (Chinese LLaMA-2 & Alpaca-2 LLMs, including 16K long context models)"
78,LLM,postgresml,4312,179,Rust,https://github.com/postgresml/postgresml,postgresml,55,2023-10-13T22:41:38Z,"The GPU-powered AI application database. Get your app to market faster using the simplicity of SQL and the latest NLP, ML + LLM models."
79,LLM,skypilot,3993,259,Python,https://github.com/skypilot-org/skypilot,skypilot-org,257,2023-10-14T00:59:46Z,"SkyPilot: Run LLMs, AI, and Batch jobs on any cloud. Get maximum savings, highest GPU availability, and managed executionâ€”all with a simple interface."
80,LLM,flyte,3933,411,Go,https://github.com/flyteorg/flyte,flyteorg,483,2023-10-14T00:45:05Z,"Scalable and flexible workflow orchestration platform that seamlessly unifies data, ML and analytics stacks."
81,LLM,xiaogpt,3890,563,Python,https://github.com/yihong0618/xiaogpt,yihong0618,39,2023-09-15T01:31:48Z,Play ChatGPT and other LLM with Xiaomi AI Speaker
82,LLM,khoj,3848,163,Python,https://github.com/khoj-ai/khoj,khoj-ai,66,2023-10-14T03:02:45Z,"An AI copilot for your second brain. Search and chat with your personal knowledge base, online or offline"
83,LLM,Learn_Prompting,3751,574,TeX,https://github.com/trigaten/Learn_Prompting,trigaten,75,2023-10-13T08:43:27Z,"Prompt Engineering, Generative AI, and LLM Guide by Learn Prompting | Join our discord for the largest Prompt Engineering learning community"
84,LLM,chat-ui,3738,442,TypeScript,https://github.com/huggingface/chat-ui,huggingface,62,2023-10-13T17:53:19Z,Open source codebase powering the HuggingChat app
85,LLM,Huatuo-Llama-Med-Chinese,3730,358,Python,https://github.com/SCIR-HI/Huatuo-Llama-Med-Chinese,SCIR-HI,12,2023-09-13T08:59:50Z,"Repo for BenTsao [original name: HuaTuo (åé©¼)], Instruction-tuning Large Language Models with Chinese Medical Knowledge. æœ¬è‰ï¼ˆåŸåï¼šåé©¼ï¼‰æ¨¡å‹ä»“åº“ï¼ŒåŸºäºä¸­æ–‡åŒ»å­¦çŸ¥è¯†çš„å¤§è¯­è¨€æ¨¡å‹æŒ‡ä»¤å¾®è°ƒ"
86,LLM,activepieces,3693,365,TypeScript,https://github.com/activepieces/activepieces,activepieces,99,2023-10-13T18:47:25Z,Your friendliest open source all-in-one automation tool âœ¨ Workflow automation tool 100+ integration / Enterprise automation tool  / ChatBot  / Zapier Alternative
87,LLM,agents,3595,236,Python,https://github.com/aiwaves-cn/agents,aiwaves-cn,19,2023-10-12T15:09:34Z,An Open-source Framework for Autonomous Language Agents
88,LLM,marvin,3515,363,Python,https://github.com/PrefectHQ/marvin,PrefectHQ,24,2023-10-13T22:33:33Z,âœ¨ Build AI interfaces that spark joy
89,LLM,llm-numbers,3494,117,,https://github.com/ray-project/llm-numbers,ray-project,6,2023-08-27T17:47:15Z,Numbers every LLM developer should know
90,LLM,adrenaline,3491,293,JavaScript,https://github.com/shobrook/adrenaline,shobrook,34,2023-10-10T23:36:49Z,Talk to your codebase
91,LLM,llm-workflow-engine,3483,464,Python,https://github.com/llm-workflow-engine/llm-workflow-engine,llm-workflow-engine,6,2023-09-22T02:56:39Z,Power CLI and Workflow manager for LLMs (core package)
92,LLM,GPT-4-LLM,3461,254,HTML,https://github.com/Instruction-Tuning-with-GPT-4/GPT-4-LLM,Instruction-Tuning-with-GPT-4,10,2023-06-11T13:40:30Z,Instruction Tuning with GPT-4
93,LLM,mistral-src,3461,194,Python,https://github.com/mistralai/mistral-src,mistralai,25,2023-10-13T17:06:52Z,Reference implementation of Mistral AI 7B v0.1 model.
94,LLM,Doctor-Dignity,3461,359,Python,https://github.com/llSourcell/Doctor-Dignity,llSourcell,21,2023-09-21T01:07:13Z,"Doctor Dignity is an LLM that can pass the US Medical Licensing Exam. It works offline, it's cross-platform, & your health data stays private."
95,LLM,spark-nlp,3459,674,Scala,https://github.com/JohnSnowLabs/spark-nlp,JohnSnowLabs,31,2023-10-14T03:17:59Z,State of the Art Natural Language Processing
96,LLM,Luotuo-Chinese-LLM,3425,237,Jupyter Notebook,https://github.com/LC1332/Luotuo-Chinese-LLM,LC1332,3,2023-09-03T06:27:48Z,éª†é©¼(Luotuo): Open Sourced Chinese Language Models. Developed by é™ˆå¯æº @ åä¸­å¸ˆèŒƒå¤§å­¦ & æé²é² @ å•†æ±¤ç§‘æŠ€ & å†·å­æ˜‚ @ å•†æ±¤ç§‘æŠ€
97,LLM,researchgpt,3405,324,Python,https://github.com/mukulpatnaik/researchgpt,mukulpatnaik,9,2023-10-10T12:30:59Z,A LLM based research assistant that allows you to have a conversation with a research paper
98,LLM,chainlit,3387,363,TypeScript,https://github.com/Chainlit/chainlit,Chainlit,38,2023-10-13T14:29:03Z,Build Python LLM apps in minutes âš¡ï¸
99,LLM,Awesome-Chinese-LLM,3375,294,,https://github.com/HqWu-HITCS/Awesome-Chinese-LLM,HqWu-HITCS,0,2023-10-13T11:20:34Z,æ•´ç†å¼€æºçš„ä¸­æ–‡å¤§è¯­è¨€æ¨¡å‹ï¼Œä»¥è§„æ¨¡è¾ƒå°ã€å¯ç§æœ‰åŒ–éƒ¨ç½²ã€è®­ç»ƒæˆæœ¬è¾ƒä½çš„æ¨¡å‹ä¸ºä¸»ï¼ŒåŒ…æ‹¬åº•åº§æ¨¡å‹ï¼Œå‚ç›´é¢†åŸŸå¾®è°ƒåŠåº”ç”¨ï¼Œæ•°æ®é›†ä¸æ•™ç¨‹ç­‰ã€‚
100,LLM,tree-of-thought-llm,3326,265,Python,https://github.com/princeton-nlp/tree-of-thought-llm,princeton-nlp,0,2023-09-11T13:39:48Z,[NeurIPS 2023] Tree of Thoughts: Deliberate Problem Solving with Large Language Models
1,chatGPT,awesome-chatgpt-prompts,90469,12282,HTML,https://github.com/f/awesome-chatgpt-prompts,f,0,2023-10-13T15:43:32Z,This repo includes ChatGPT prompt curation to use ChatGPT better.
2,chatGPT,openai-cookbook,49237,8075,,https://github.com/openai/openai-cookbook,openai,44,2023-10-14T01:17:19Z,Examples and guides for using the OpenAI API
3,chatGPT,gpt4free,46202,11761,Python,https://github.com/xtekky/gpt4free,xtekky,72,2023-10-13T22:32:05Z,The official gpt4free repository | various collection of powerful language models
4,chatGPT,ChatGPT-Next-Web,45978,42368,TypeScript,https://github.com/Yidadaa/ChatGPT-Next-Web,Yidadaa,40,2023-10-13T11:51:52Z,A well-designed cross-platform ChatGPT UI (Web / PWA / Linux / Win / MacOS). ä¸€é”®æ‹¥æœ‰ä½ è‡ªå·±çš„è·¨å¹³å° ChatGPT åº”ç”¨ã€‚
5,chatGPT,awesome-chatgpt-prompts-zh,44374,13149,,https://github.com/PlexPt/awesome-chatgpt-prompts-zh,PlexPt,34,2023-10-11T02:57:34Z,ChatGPT ä¸­æ–‡è°ƒæ•™æŒ‡å—ã€‚å„ç§åœºæ™¯ä½¿ç”¨æŒ‡å—ã€‚å­¦ä¹ æ€ä¹ˆè®©å®ƒå¬ä½ çš„è¯ã€‚
6,chatGPT,gpt_academic,43420,5667,Python,https://github.com/binary-husky/gpt_academic,binary-husky,287,2023-10-13T09:02:01Z,"ä¸ºChatGPT/GLMæä¾›å®ç”¨åŒ–äº¤äº’ç•Œé¢ï¼Œç‰¹åˆ«ä¼˜åŒ–è®ºæ–‡é˜…è¯»/æ¶¦è‰²/å†™ä½œä½“éªŒï¼Œæ¨¡å—åŒ–è®¾è®¡ï¼Œæ”¯æŒè‡ªå®šä¹‰å¿«æ·æŒ‰é’®&å‡½æ•°æ’ä»¶ï¼Œæ”¯æŒPythonå’ŒC++ç­‰é¡¹ç›®å‰–æ&è‡ªè¯‘è§£åŠŸèƒ½ï¼ŒPDF/LaTexè®ºæ–‡ç¿»è¯‘&æ€»ç»“åŠŸèƒ½ï¼Œæ”¯æŒå¹¶è¡Œé—®è¯¢å¤šç§LLMæ¨¡å‹ï¼Œæ”¯æŒchatglm2ç­‰æœ¬åœ°æ¨¡å‹ã€‚å…¼å®¹æ–‡å¿ƒä¸€è¨€, moss, llama2, rwkv, claude2, é€šä¹‰åƒé—®, ä¹¦ç”Ÿ, è®¯é£æ˜Ÿç«ç­‰ã€‚"
7,chatGPT,ChatGPT,41834,4980,Rust,https://github.com/lencx/ChatGPT,lencx,497,2023-10-07T17:04:02Z,"ğŸ”® ChatGPT Desktop Application (Mac, Windows and Linux)"
8,chatGPT,Prompt-Engineering-Guide,36393,3310,MDX,https://github.com/dair-ai/Prompt-Engineering-Guide,dair-ai,37,2023-10-12T18:18:17Z,"ğŸ™ Guides, papers, lecture, notebooks and resources for prompt engineering"
9,chatGPT,Open-Assistant,35374,3177,Python,https://github.com/LAION-AI/Open-Assistant,LAION-AI,228,2023-10-09T18:33:13Z,"OpenAssistant is a chat-based assistant that understands tasks, can interact with third-party systems, and retrieve information dynamically to do so."
10,chatGPT,hello-algorithm,33431,6366,Java,https://github.com/geekxh/hello-algorithm,geekxh,7,2023-06-13T04:13:17Z,ğŸŒ é’ˆå¯¹å°ç™½çš„ç®—æ³•è®­ç»ƒ | åŒ…æ‹¬å››éƒ¨åˆ†ï¼šâ‘ .å¤§å‚é¢ç» â‘¡.åŠ›æ‰£å›¾è§£  â‘¢.åƒæœ¬å¼€æºç”µå­ä¹¦ â‘£.ç™¾å¼ æŠ€æœ¯æ€ç»´å¯¼å›¾ï¼ˆé¡¹ç›®èŠ±äº†ä¸Šç™¾å°æ—¶ï¼Œå¸Œæœ›å¯ä»¥ç‚¹ star æ”¯æŒï¼ŒğŸŒ¹æ„Ÿè°¢~ï¼‰æ¨èå…è´¹ChatGPTä½¿ç”¨ç½‘ç«™
11,chatGPT,open-interpreter,29238,2522,Python,https://github.com/KillianLucas/open-interpreter,KillianLucas,215,2023-10-13T21:29:15Z,"OpenAI's Code Interpreter in your terminal, running locally"
12,chatGPT,ChatGPT,27374,4667,Python,https://github.com/acheong08/ChatGPT,acheong08,11,2023-08-02T06:02:10Z,Reverse engineered ChatGPT API
13,chatGPT,chatgpt-web,27239,10751,Vue,https://github.com/Chanzhaoyu/chatgpt-web,Chanzhaoyu,9,2023-10-11T08:18:03Z,ç”¨ Express å’Œ  Vue3 æ­å»ºçš„ ChatGPT æ¼”ç¤ºç½‘é¡µ
14,chatGPT,quivr,23445,2503,TypeScript,https://github.com/StanGirard/quivr,StanGirard,123,2023-10-13T07:54:32Z,"ğŸ§  Your Second Brain supercharged by Generative AI ğŸ§  Dump all your files and chat with your personal assistant on your files & more using GPT 3.5/4, Private, Anthropic, VertexAI, LLMs..."
15,chatGPT,chatgpt-retrieval-plugin,19777,3645,Python,https://github.com/openai/chatgpt-retrieval-plugin,openai,126,2023-10-06T09:10:03Z,The ChatGPT Retrieval Plugin lets you easily find personal or work documents by asking questions in natural language.
16,chatGPT,Pake,18764,2453,Rust,https://github.com/tw93/Pake,tw93,3,2023-09-26T06:55:00Z,ğŸ¤±ğŸ» Turn any webpage into a desktop app with Rust.  ğŸ¤±ğŸ» åˆ©ç”¨ Rust è½»æ¾æ„å»ºè½»é‡çº§å¤šç«¯æ¡Œé¢åº”ç”¨
17,chatGPT,openai-translator,18536,1368,TypeScript,https://github.com/openai-translator/openai-translator,openai-translator,263,2023-10-10T16:51:03Z,åŸºäº ChatGPT API çš„åˆ’è¯ç¿»è¯‘æµè§ˆå™¨æ’ä»¶å’Œè·¨å¹³å°æ¡Œé¢ç«¯åº”ç”¨    -    Browser extension and cross-platform desktop application for translation based on ChatGPT API.
18,chatGPT,gin-vue-admin,18475,5587,Go,https://github.com/flipped-aurora/gin-vue-admin,flipped-aurora,35,2023-10-11T09:51:57Z,"åŸºäºvite+vue3+ginæ­å»ºçš„å¼€å‘åŸºç¡€å¹³å°ï¼ˆæ”¯æŒTS,JSæ··ç”¨ï¼‰ï¼Œé›†æˆjwté‰´æƒï¼Œæƒé™ç®¡ç†ï¼ŒåŠ¨æ€è·¯ç”±ï¼Œæ˜¾éšå¯æ§ç»„ä»¶ï¼Œåˆ†é¡µå°è£…ï¼Œå¤šç‚¹ç™»å½•æ‹¦æˆªï¼Œèµ„æºæƒé™ï¼Œä¸Šä¼ ä¸‹è½½ï¼Œä»£ç ç”Ÿæˆå™¨ï¼Œè¡¨å•ç”Ÿæˆå™¨,chatGPTè‡ªåŠ¨æŸ¥è¡¨ç­‰å¼€å‘å¿…å¤‡åŠŸèƒ½ã€‚"
19,chatGPT,chatbot-ui,17892,5320,TypeScript,https://github.com/mckaywrigley/chatbot-ui,mckaywrigley,343,2023-10-12T17:59:36Z,An open source ChatGPT UI.
20,chatGPT,Langchain-Chatchat,16878,2838,Python,https://github.com/chatchat-space/Langchain-Chatchat,chatchat-space,71,2023-10-12T08:18:56Z,"Langchain-Chatchatï¼ˆåŸLangchain-ChatGLMï¼‰åŸºäº Langchain ä¸ ChatGLM ç­‰è¯­è¨€æ¨¡å‹çš„æœ¬åœ°çŸ¥è¯†åº“é—®ç­” | Langchain-Chatchat (formerly langchain-ChatGLM), local knowledge based LLM (like ChatGLM) QA app with langchain "
21,chatGPT,Flowise,16678,7718,TypeScript,https://github.com/FlowiseAI/Flowise,FlowiseAI,194,2023-10-14T00:48:35Z,Drag & drop UI to build your customized LLM flow
22,chatGPT,chatgpt-on-wechat,16490,4848,Python,https://github.com/zhayujie/chatgpt-on-wechat,zhayujie,162,2023-10-13T11:12:39Z,"Wechat robot based on ChatGPT,  which using OpenAI api and itchat library. ä½¿ç”¨ChatGPTæ­å»ºå¾®ä¿¡èŠå¤©æœºå™¨äººï¼ŒåŸºäº GPT3.5/GPT4.0/Claude/æ–‡å¿ƒä¸€è¨€/è®¯é£æ˜Ÿç«/LinkAIï¼Œæ”¯æŒä¸ªäººå¾®ä¿¡ã€å…¬ä¼—å·ã€ä¼ä¸šå¾®ä¿¡éƒ¨ç½²ï¼Œèƒ½å¤„ç†æ–‡æœ¬ã€è¯­éŸ³å’Œå›¾ç‰‡ï¼Œè®¿é—®æ“ä½œç³»ç»Ÿå’Œäº’è”ç½‘ï¼Œæ”¯æŒåŸºäºçŸ¥è¯†åº“å®šåˆ¶ä¸“å±æœºå™¨äººã€‚"
23,chatGPT,Hello-Python,16433,1115,Python,https://github.com/mouredev/Hello-Python,mouredev,10,2023-10-03T12:12:58Z,"Curso para aprender el lenguaje de programaciÃ³n Python desde cero y para principiantes. MÃ¡s de 30 clases, 25 horas en vÃ­deo, cÃ³digo y grupo de chat. Desde sus fundamentos hasta la creaciÃ³n de un API Backend con base de datos y mÃ¡s..."
24,chatGPT,ChatPaper,15371,1710,Python,https://github.com/kaixindelele/ChatPaper,kaixindelele,60,2023-10-06T06:41:46Z,Use ChatGPT to summarize the arXiv papers. å…¨æµç¨‹åŠ é€Ÿç§‘ç ”ï¼Œåˆ©ç”¨chatgptè¿›è¡Œè®ºæ–‡å…¨æ–‡æ€»ç»“+ä¸“ä¸šç¿»è¯‘+æ¶¦è‰²+å®¡ç¨¿+å®¡ç¨¿å›å¤
25,chatGPT,chatgpt-api,15079,2026,TypeScript,https://github.com/transitive-bullshit/chatgpt-api,transitive-bullshit,50,2023-10-11T10:07:58Z,Node.js client for the official ChatGPT API. ğŸ”¥
26,chatGPT,chatbox,14947,1575,TypeScript,https://github.com/Bin-Huang/chatbox,Bin-Huang,207,2023-10-09T10:03:42Z,"Chatbox is a desktop app for multiple cutting-edge LLM models that available on Windows, Mac, Linux"
27,chatGPT,best-of-ml-python,14540,2176,,https://github.com/ml-tooling/best-of-ml-python,ml-tooling,15,2023-10-13T13:36:55Z,ğŸ† A ranked list of awesome machine learning Python libraries. Updated weekly.
28,chatGPT,carrot,14107,1191,,https://github.com/xx025/carrot,xx025,3,2023-10-10T13:47:03Z,Free ChatGPT Site List è¿™å„¿ä¸ºä½ å‡†å¤‡äº†ä¼—å¤šå…è´¹å¥½ç”¨çš„ChatGPTé•œåƒç«™ç‚¹
29,chatGPT,chatgpt-google-extension,13277,1523,TypeScript,https://github.com/wong2/chatgpt-google-extension,wong2,91,2023-09-19T06:29:11Z,This project is deprecated. Check my new project ChatHub:
30,chatGPT,langflow,12739,1830,Python,https://github.com/logspace-ai/langflow,logspace-ai,89,2023-10-13T09:12:49Z,"â›“ï¸ Langflow is a UI for LangChain, designed with react-flow to provide an effortless way to experiment and prototype flows."
31,chatGPT,wechat-chatgpt,12677,3949,TypeScript,https://github.com/fuergaosi233/wechat-chatgpt,fuergaosi233,53,2023-05-05T20:16:17Z,Use ChatGPT On Wechat via wechaty
32,chatGPT,ChuanhuChatGPT,12596,1994,Python,https://github.com/GaiZhenbiao/ChuanhuChatGPT,GaiZhenbiao,63,2023-10-12T15:50:27Z,"GUI for ChatGPT API and many LLMs. Supports agents, file-based QA, GPT finetuning and query with web search. All with a neat UI."
33,chatGPT,siyuan,12422,947,TypeScript,https://github.com/siyuan-note/siyuan,siyuan-note,71,2023-10-14T03:04:29Z,"A privacy-first, self-hosted, fully open source personal knowledge management software, written in typescript and golang."
34,chatGPT,vpncn.github.io,11640,1919,HTML,https://github.com/vpncn/vpncn.github.io,vpncn,0,2023-10-09T15:42:25Z,2023ä¸­å›½ç¿»å¢™è½¯ä»¶VPNæ¨èä»¥åŠç§‘å­¦ä¸Šç½‘é¿å‘ï¼Œç¨³å®šå¥½ç”¨ã€‚å¯¹æ¯”SSRæœºåœºã€è“ç¯ã€V2rayã€è€ç‹VPNã€VPSæ­å»ºæ¢¯å­ç­‰ç§‘å­¦ä¸Šç½‘ä¸ç¿»å¢™è½¯ä»¶ï¼Œä¸­å›½æœ€æ–°ç§‘å­¦ä¸Šç½‘ç¿»å¢™æ¢¯å­VPNä¸‹è½½æ¨èï¼Œè®¿é—®Chatgptã€‚
35,chatGPT,KeepChatGPT,11574,615,JavaScript,https://github.com/xcanwin/KeepChatGPT,xcanwin,93,2023-10-07T03:42:08Z,è¿™æ˜¯ä¸€æ¬¾æé«˜ChatGPTçš„æ•°æ®å®‰å…¨èƒ½åŠ›å’Œæ•ˆç‡çš„æ’ä»¶ã€‚å¹¶ä¸”å…è´¹å…±äº«å¤§é‡åˆ›æ–°åŠŸèƒ½ï¼Œå¦‚ï¼šè‡ªåŠ¨åˆ·æ–°ã€ä¿æŒæ´»è·ƒã€æ•°æ®å®‰å…¨ã€å–æ¶ˆå®¡è®¡ã€å…‹éš†å¯¹è¯ã€è¨€æ— ä¸å°½ã€å‡€åŒ–é¦–é¡µã€å±•ç¤ºå¤§å±ã€å±•ç¤ºå…¨å±ã€æ‹¦æˆªè·Ÿè¸ªã€æ—¥æ–°æœˆå¼‚ç­‰ã€‚è®©æˆ‘ä»¬çš„AIä½“éªŒæ— æ¯”å®‰å…¨ã€é¡ºç•…ã€ä¸æ»‘ã€é«˜æ•ˆã€ç®€æ´ã€‚
36,chatGPT,MOSS,11545,1130,Python,https://github.com/OpenLMLab/MOSS,OpenLMLab,227,2023-09-08T08:51:08Z,An open-source tool-augmented conversational language model from Fudan University
37,chatGPT,awesome-free-chatgpt,11260,825,Python,https://github.com/LiLittleCat/awesome-free-chatgpt,LiLittleCat,37,2023-10-07T15:07:38Z,"ğŸ†“å…è´¹çš„ ChatGPT é•œåƒç½‘ç«™åˆ—è¡¨ï¼ŒæŒç»­æ›´æ–°ã€‚List of free ChatGPT mirror sites, continuously updated. "
38,chatGPT,haystack,11148,1425,Python,https://github.com/deepset-ai/haystack,deepset-ai,424,2023-10-13T20:18:56Z,":mag: LLM orchestration framework to build customizable, production-ready LLM applications. Connect components (models, vector DBs, file converters) to pipelines or agents that can interact with your data. With advanced retrieval methods, it's best suited for building RAG, question answering, semantic search or conversational agent chatbots."
39,chatGPT,botpress,11130,1588,TypeScript,https://github.com/botpress/botpress,botpress,2,2023-10-10T20:44:51Z,The open-source hub to build & deploy GPT/LLM Agents âš¡ï¸
40,chatGPT,SmsForwarder,10889,1579,Kotlin,https://github.com/pppscn/SmsForwarder,pppscn,13,2023-10-10T08:38:48Z,çŸ­ä¿¡è½¬å‘å™¨â€”â€”ç›‘æ§Androidæ‰‹æœºçŸ­ä¿¡ã€æ¥ç”µã€APPé€šçŸ¥ï¼Œå¹¶æ ¹æ®æŒ‡å®šè§„åˆ™è½¬å‘åˆ°å…¶ä»–æ‰‹æœºï¼šé’‰é’‰ç¾¤è‡ªå®šä¹‰æœºå™¨äººã€é’‰é’‰ä¼ä¸šå†…æœºå™¨äººã€ä¼ä¸šå¾®ä¿¡ç¾¤æœºå™¨äººã€é£ä¹¦æœºå™¨äººã€ä¼ä¸šå¾®ä¿¡åº”ç”¨æ¶ˆæ¯ã€é‚®ç®±ã€barkã€webhookã€Telegramæœºå™¨äººã€Serveré…±ã€PushPlusã€æ‰‹æœºçŸ­ä¿¡ç­‰ã€‚åŒ…æ‹¬ä¸»åŠ¨æ§åˆ¶æœåŠ¡ç«¯ä¸å®¢æˆ·ç«¯ï¼Œè®©ä½ è½»æ¾è¿œç¨‹å‘çŸ­ä¿¡ã€æŸ¥çŸ­ä¿¡ã€æŸ¥é€šè¯ã€æŸ¥è¯ç°¿ã€æŸ¥ç”µé‡ç­‰ã€‚ï¼ˆV3.0 æ–°å¢ï¼‰PS.è¿™ä¸ªAPKä¸»è¦æ˜¯å­¦ä¹ ä¸è‡ªç”¨ï¼Œå¦‚æœ‰BUGè¯·æISSUEï¼ŒåŒæ—¶æ¬¢è¿å¤§å®¶æPRæŒ‡æ­£
41,chatGPT,ChatALL,10185,1537,JavaScript,https://github.com/sunner/ChatALL,sunner,89,2023-10-08T15:21:31Z," Concurrently chat with ChatGPT, Bing Chat, Bard, Alpaca, Vicuna, Claude, ChatGLM, MOSS, è®¯é£æ˜Ÿç«, æ–‡å¿ƒä¸€è¨€ and more, discover the best answers"
42,chatGPT,RWKV-LM,9987,687,Python,https://github.com/BlinkDL/RWKV-LM,BlinkDL,29,2023-10-05T18:26:35Z,"RWKV is an RNN with transformer-level LLM performance. It can be directly trained like a GPT (parallelizable). So it's combining the best of RNN and transformer - great performance, fast inference, saves VRAM, fast training, ""infinite"" ctx_len, and free sentence embedding."
43,chatGPT,autogen,9714,973,Jupyter Notebook,https://github.com/microsoft/autogen,microsoft,72,2023-10-14T01:09:50Z,Enable Next-Gen Large Language Model Applications. Join our Discord: https://discord.gg/pAbnFJrkgZ
44,chatGPT,chatgpt-mirai-qq-bot,9653,1269,Python,https://github.com/lss233/chatgpt-mirai-qq-bot,lss233,252,2023-10-09T02:02:00Z,ğŸš€ ä¸€é”®éƒ¨ç½²ï¼çœŸæ­£çš„ AI èŠå¤©æœºå™¨äººï¼æ”¯æŒChatGPTã€æ–‡å¿ƒä¸€è¨€ã€è®¯é£æ˜Ÿç«ã€Bingã€Bardã€ChatGLMã€POEï¼Œå¤šè´¦å·ï¼Œäººè®¾è°ƒæ•™ï¼Œè™šæ‹Ÿå¥³ä»†ã€å›¾ç‰‡æ¸²æŸ“ã€è¯­éŸ³å‘é€ | æ”¯æŒ QQã€Telegramã€Discordã€å¾®ä¿¡ ç­‰å¹³å°
45,chatGPT,BingGPT,9114,697,JavaScript,https://github.com/dice2o/BingGPT,dice2o,225,2023-08-10T21:35:35Z,"Desktop application of new Bing's AI-powered chat (Windows, macOS and Linux)"
46,chatGPT,FinGPT,8947,1971,Jupyter Notebook,https://github.com/AI4Finance-Foundation/FinGPT,AI4Finance-Foundation,39,2023-10-13T13:42:02Z,Data-Centric FinGPT.  Open-source for open finance!  Revolutionize ğŸ”¥    We release the trained model on HuggingFace.
47,chatGPT,llama-gpt,8915,540,TypeScript,https://github.com/getumbrel/llama-gpt,getumbrel,53,2023-10-10T13:53:20Z,"A self-hosted, offline, ChatGPT-like chatbot. Powered by Llama 2. 100% private, with no data leaving your device. New: Code Llama support!"
48,chatGPT,chatGPTBox,8830,626,JavaScript,https://github.com/josStorer/chatGPTBox,josStorer,173,2023-10-06T12:21:45Z,"Integrating ChatGPT into your browser deeply, everything you need is here"
49,chatGPT,ChatRWKV,8817,655,Python,https://github.com/BlinkDL/ChatRWKV,BlinkDL,18,2023-10-08T01:51:18Z,"ChatRWKV is like ChatGPT but powered by RWKV (100% RNN) language model, and open source."
50,chatGPT,novel,8678,788,TypeScript,https://github.com/steven-tey/novel,steven-tey,39,2023-10-13T11:44:07Z,Notion-style WYSIWYG editor with AI-powered autocompletion.
51,chatGPT,hamulete,8513,1877,Jupyter Notebook,https://github.com/hoochanlon/hamulete,hoochanlon,0,2023-09-25T16:54:00Z,ğŸ”ï¸å›½ç«‹å°æ¹¾å¤§å­¦ã€æ–°åŠ å¡å›½ç«‹å¤§å­¦ã€æ—©ç¨»ç”°å¤§å­¦ã€ä¸œäº¬å¤§å­¦ï¼Œä¸­å¤®ç ”ç©¶é™¢ï¼ˆå°æ¹¾ï¼‰ä»¥åŠä¸­å›½é‡ç‚¹é«˜æ ¡åŠç§‘ç ”æœºæ„ï¼Œç¤¾ç§‘ã€ç»æµã€æ•°å­¦ã€åšå¼ˆè®ºã€å“²å­¦ã€ç³»ç»Ÿå·¥ç¨‹ç±»å­¦æœ¯è®ºæ–‡ç­‰çŸ¥è¯†åº“ã€‚
52,chatGPT,awesome-chatgpt-zh,8375,715,Python,https://github.com/yzfly/awesome-chatgpt-zh,yzfly,1,2023-10-11T23:57:24Z,ChatGPT ä¸­æ–‡æŒ‡å—ğŸ”¥ï¼ŒChatGPT ä¸­æ–‡è°ƒæ•™æŒ‡å—ï¼ŒæŒ‡ä»¤æŒ‡å—ï¼Œåº”ç”¨å¼€å‘æŒ‡å—ï¼Œç²¾é€‰èµ„æºæ¸…å•ï¼Œæ›´å¥½çš„ä½¿ç”¨ chatGPT è®©ä½ çš„ç”Ÿäº§åŠ› up up up! ğŸš€
53,chatGPT,gorilla,8344,624,Python,https://github.com/ShishirPatil/gorilla,ShishirPatil,28,2023-10-07T00:33:51Z,Gorilla: An API store for LLMs
54,chatGPT,LLaVA,8244,724,Python,https://github.com/haotian-liu/LLaVA,haotian-liu,266,2023-10-13T21:37:24Z,[NeurIPS 2023 Oral] Visual Instruction Tuning: LLaVA (Large Language-and-Vision Assistant) built towards multimodal GPT-4 level capabilities.
55,chatGPT,leedl-tutorial,8214,2353,Jupyter Notebook,https://github.com/datawhalechina/leedl-tutorial,datawhalechina,2,2023-10-10T00:34:48Z,ã€Šæå®æ¯…æ·±åº¦å­¦ä¹ æ•™ç¨‹ã€‹ï¼ŒPDFä¸‹è½½åœ°å€ï¼šhttps://github.com/datawhalechina/leedl-tutorial/releases
56,chatGPT,go-proxy-bingai,8111,7850,HTML,https://github.com/adams549659584/go-proxy-bingai,adams549659584,215,2023-10-09T05:48:25Z,ç”¨ Vue3 å’Œ Go æ­å»ºçš„å¾®è½¯ New Bing æ¼”ç¤ºç«™ç‚¹ï¼Œæ‹¥æœ‰ä¸€è‡´çš„ UI ä½“éªŒï¼Œæ”¯æŒ ChatGPT æç¤ºè¯ï¼Œå›½å†…å¯ç”¨ã€‚
57,chatGPT,h2ogpt,8094,967,Python,https://github.com/h2oai/h2ogpt,h2oai,169,2023-10-14T01:51:49Z,"Private Q&A and summarization of documents+images or chat with local GPT, 100% private, Apache 2.0. Supports LLaMa2, llama.cpp, and more. Demo: https://gpt.h2o.ai/ https://codellama.h2o.ai/"
58,chatGPT,EdgeGPT,7956,911,Python,https://github.com/acheong08/EdgeGPT,acheong08,37,2023-08-03T13:37:26Z,Reverse engineered API of Microsoft's Bing Chat AI
59,chatGPT,awesome-chatgpt,7873,503,,https://github.com/humanloop/awesome-chatgpt,humanloop,22,2023-09-15T11:42:35Z,"Curated list of awesome tools, demos, docs for ChatGPT and GPT-3"
60,chatGPT,Chat2DB,7708,1020,Java,https://github.com/chat2db/Chat2DB,chat2db,93,2023-10-14T01:22:08Z,ğŸ”¥ ğŸ”¥ ğŸ”¥ An intelligent and versatile general-purpose SQL client and reporting tool for databases which integrates ChatGPT capabilities.(æ™ºèƒ½çš„é€šç”¨æ•°æ®åº“SQLå®¢æˆ·ç«¯å’ŒæŠ¥è¡¨å·¥å…·)
61,chatGPT,web-llm,7582,443,TypeScript,https://github.com/mlc-ai/web-llm,mlc-ai,51,2023-10-13T21:25:44Z,Bringing large-language models and chat to web browsers. Everything runs inside the browser with no server support.
62,chatGPT,chatgpt-demo,7561,3840,TypeScript,https://github.com/anse-app/chatgpt-demo,anse-app,37,2023-10-05T15:56:09Z,Minimal web UI for ChatGPT. 
63,chatGPT,LMFlow,7352,1050,Python,https://github.com/OptimalScale/LMFlow,OptimalScale,11,2023-10-13T06:45:21Z,An Extensible Toolkit for Finetuning and Inference of Large Foundation Models. Large Models for All.
64,chatGPT,PaLM-rlhf-pytorch,7327,624,Python,https://github.com/lucidrains/PaLM-rlhf-pytorch,lucidrains,11,2023-07-27T12:05:48Z,Implementation of RLHF (Reinforcement Learning with Human Feedback) on top of the PaLM architecture. Basically ChatGPT but with PaLM
65,chatGPT,gpt4free-ts,6579,1355,TypeScript,https://github.com/xiangsx/gpt4free-ts,xiangsx,42,2023-10-05T16:08:07Z,Providing a free OpenAI GPT-4 API !   This is a replication project for the typescript version of xtekky/gpt4free
66,chatGPT,go-openai,6513,905,Go,https://github.com/sashabaranov/go-openai,sashabaranov,25,2023-10-11T05:19:58Z,"OpenAI ChatGPT, GPT-3, GPT-4, DALLÂ·E, Whisper API wrapper for Go"
67,chatGPT,yao,6439,585,Go,https://github.com/YaoApp/yao,YaoApp,72,2023-10-11T14:14:58Z,":rocket: A performance app engine to create web services and applications in minutes.Suitable for AI, IoT, Industrial Internet, Connected Vehicles, DevOps, Energy, Finance and many other use-cases."
68,chatGPT,GPT_API_free,6359,570,Python,https://github.com/chatanywhere/GPT_API_free,chatanywhere,3,2023-09-21T10:14:42Z,Free ChatGPT API Keyï¼Œå…è´¹ChatGPT APIï¼Œæ”¯æŒGPT4 APIï¼ˆä½ä»·ï¼‰ï¼ŒChatGPTå›½å†…å¯ç”¨å…è´¹è½¬å‘APIï¼Œç›´è¿æ— éœ€ä»£ç†ã€‚å¯ä»¥æ­é…ChatBoxç­‰è½¯ä»¶/æ’ä»¶ä½¿ç”¨ï¼Œæå¤§é™ä½æ¥å£ä½¿ç”¨æˆæœ¬ã€‚å›½å†…å³å¯æ— é™åˆ¶ç•…å¿«èŠå¤©ã€‚
69,chatGPT,shell_gpt,6181,447,Python,https://github.com/TheR1D/shell_gpt,TheR1D,57,2023-10-04T20:14:47Z,"A command-line productivity tool powered by GPT-3 and GPT-4, will help you accomplish your tasks faster and more efficiently."
70,chatGPT,BetterChatGPT,6153,2121,TypeScript,https://github.com/ztjhz/BetterChatGPT,ztjhz,133,2023-09-30T17:44:10Z,An amazing UI for OpenAI's ChatGPT (Website + Windows + MacOS + Linux)
71,chatGPT,chatgpt-advanced,6052,760,TypeScript,https://github.com/interstellard/chatgpt-advanced,interstellard,74,2023-07-14T18:26:02Z,WebChatGPT: A browser extension that augments your ChatGPT prompts with web results.
72,chatGPT,LLMSurvey,5940,481,Python,https://github.com/RUCAIBox/LLMSurvey,RUCAIBox,12,2023-10-12T14:24:04Z,"The official GitHub page for the survey paper ""A Survey of Large Language Models""."
73,chatGPT,chatgpt-mac,5765,471,JavaScript,https://github.com/vincelwt/chatgpt-mac,vincelwt,65,2023-08-16T05:01:17Z,"ChatGPT for Mac, living in your menubar."
74,chatGPT,promptflow,5593,343,Python,https://github.com/microsoft/promptflow,microsoft,47,2023-10-13T11:23:47Z,"Build high-quality LLM apps - from prototyping, testing to production deployment and monitoring."
75,chatGPT,embedchain,5566,1022,Python,https://github.com/embedchain/embedchain,embedchain,118,2023-10-13T22:40:04Z,"Data platform for LLMs - Load, index, retrieve and sync any unstructured data"
76,chatGPT,LangChain-Chinese-Getting-Started-Guide,5562,450,,https://github.com/liaokongVFX/LangChain-Chinese-Getting-Started-Guide,liaokongVFX,14,2023-07-07T09:52:46Z,LangChain çš„ä¸­æ–‡å…¥é—¨æ•™ç¨‹
77,chatGPT,CopilotForXcode,5378,254,Swift,https://github.com/intitni/CopilotForXcode,intitni,16,2023-10-11T17:02:26Z,"The missing GitHub Copilot, Codeium and ChatGPT Xcode Source Editor Extension"
78,chatGPT,freegpt-webui,5364,1551,Python,https://github.com/ramonvc/freegpt-webui,ramonvc,85,2023-09-26T21:09:16Z,GPT 3.5/4 with a Chat Web UI. No API key required.
79,chatGPT,GPTCache,5356,367,Python,https://github.com/zilliztech/GPTCache,zilliztech,23,2023-09-28T10:27:32Z,Semantic cache for LLMs. Fully integrated with LangChain and llama_index. 
80,chatGPT,Baichuan-7B,5292,535,Python,https://github.com/baichuan-inc/Baichuan-7B,baichuan-inc,77,2023-09-30T08:38:56Z,A large-scale 7B pretraining language model developed by BaiChuan-Inc.
81,chatGPT,ChatGPT-Shortcut,5267,626,TypeScript,https://github.com/rockbenben/ChatGPT-Shortcut,rockbenben,1,2023-10-04T02:47:13Z,"ğŸš€ğŸ’ªMaximize your efficiency and productivity, support for English,ä¸­æ–‡,EspaÃ±ol,Ø§Ù„Ø¹Ø±Ø¨ÙŠØ©. è®©ç”Ÿäº§åŠ›åŠ å€çš„ChatGPTå¿«æ·æŒ‡ä»¤ï¼Œæ— éœ€ç†Ÿæ‚‰æç¤ºè¯ï¼Œå°±èƒ½è½»æ¾æœç´¢ã€ä¼˜åŒ–å’Œç®¡ç†Promptsï¼Œé€‚åº”å¤šè¯­è¨€åŠå„ç§ç”Ÿäº§æ•ˆç‡åœºæ™¯ã€‚"
82,chatGPT,awesome-chatgpt-api,5209,339,Python,https://github.com/reorx/awesome-chatgpt-api,reorx,2,2023-08-25T08:19:35Z,"Curated list of apps and tools that not only use the new ChatGPT API, but also allow users to configure their own API keys, enabling free and on-demand usage of their own quota."
83,chatGPT,wukong-robot,5094,1196,Python,https://github.com/wzpan/wukong-robot,wzpan,28,2023-09-15T02:21:56Z,ğŸ¤– wukong-robot æ˜¯ä¸€ä¸ªç®€å•ã€çµæ´»ã€ä¼˜é›…çš„ä¸­æ–‡è¯­éŸ³å¯¹è¯æœºå™¨äºº/æ™ºèƒ½éŸ³ç®±é¡¹ç›®ï¼Œæ”¯æŒChatGPTå¤šè½®å¯¹è¯èƒ½åŠ›ï¼Œè¿˜å¯èƒ½æ˜¯é¦–ä¸ªæ”¯æŒè„‘æœºäº¤äº’çš„å¼€æºæ™ºèƒ½éŸ³ç®±é¡¹ç›®ã€‚
84,chatGPT,bob-plugin-openai-translator,5004,217,JavaScript,https://github.com/openai-translator/bob-plugin-openai-translator,openai-translator,5,2023-07-24T02:00:52Z,åŸºäº ChatGPT API çš„æ–‡æœ¬ç¿»è¯‘ã€æ–‡æœ¬æ¶¦è‰²ã€è¯­æ³•çº é”™ Bob æ’ä»¶ï¼Œè®©æˆ‘ä»¬ä¸€èµ·è¿æ¥ä¸éœ€è¦å·´åˆ«å¡”çš„æ–°æ—¶ä»£ï¼Licensed under CC BY-NC-SA 4.0
85,chatGPT,Feishu-OpenAI,4900,859,Go,https://github.com/ConnectAI-E/Feishu-OpenAI,ConnectAI-E,76,2023-08-31T07:55:00Z,ğŸ’ é£ä¹¦  Ã—ï¼ˆGPT-4 + DALLÂ·E + Whisperï¼‰=  é£ä¸€èˆ¬çš„å·¥ä½œä½“éªŒ  ğŸš€ è¯­éŸ³å¯¹è¯ã€è§’è‰²æ‰®æ¼”ã€å¤šè¯é¢˜è®¨è®ºã€å›¾ç‰‡åˆ›ä½œã€è¡¨æ ¼åˆ†æã€æ–‡æ¡£å¯¼å‡º ğŸš€
86,chatGPT,ChatGPT-Midjourney,4892,1839,TypeScript,https://github.com/Licoy/ChatGPT-Midjourney,Licoy,4,2023-10-10T02:03:25Z,ğŸ­ ä¸€é”®æ‹¥æœ‰ä½ è‡ªå·±çš„ ChatGPT+Midjourney ç½‘é¡µæœåŠ¡ | Own your own ChatGPT+Midjourney web service with one click
87,chatGPT,chatgpt-vscode,4875,355,TypeScript,https://github.com/mpociot/chatgpt-vscode,mpociot,44,2023-09-29T18:27:16Z,A VSCode extension that allows you to use ChatGPT
88,chatGPT,one-api,4875,1146,Go,https://github.com/songquanpeng/one-api,songquanpeng,126,2023-10-12T02:09:58Z,"OpenAI æ¥å£ç®¡ç† & åˆ†å‘ç³»ç»Ÿï¼Œæ”¯æŒ Azureã€Anthropic Claudeã€Google PaLM 2ã€æ™ºè°± ChatGLMã€ç™¾åº¦æ–‡å¿ƒä¸€è¨€ã€è®¯é£æ˜Ÿç«è®¤çŸ¥ã€é˜¿é‡Œé€šä¹‰åƒé—®ã€360 æ™ºè„‘ä»¥åŠè…¾è®¯æ··å…ƒï¼Œå¯ç”¨äºäºŒæ¬¡åˆ†å‘ç®¡ç† keyï¼Œä»…å•å¯æ‰§è¡Œæ–‡ä»¶ï¼Œå·²æ‰“åŒ…å¥½ Docker é•œåƒï¼Œä¸€é”®éƒ¨ç½²ï¼Œå¼€ç®±å³ç”¨. OpenAI key management & redistribution system, using a single API for all LLMs, and features an English UI."
89,chatGPT,Learning-Prompt,4784,384,CSS,https://github.com/thinkingjimmy/Learning-Prompt,thinkingjimmy,12,2023-09-17T02:06:16Z,Free prompt engineering online course. ChatGPT and Midjourney tutorials are now included!
90,chatGPT,FeHelper,4780,1220,JavaScript,https://github.com/zxlie/FeHelper,zxlie,234,2023-07-04T10:04:03Z,"ğŸ˜FeHelper--Webå‰ç«¯åŠ©æ‰‹ï¼ˆAwesomeï¼Chrome & Firefox & MS-Edge Extension, All in one Toolbox!ï¼‰"
91,chatGPT,opencommit,4604,220,JavaScript,https://github.com/di-sukharev/opencommit,di-sukharev,17,2023-10-05T19:09:05Z,Auto-generate impressive commits with AI in 1 second ğŸ¤¯ğŸ”«
92,chatGPT,law-cn-ai,4529,635,MDX,https://github.com/lvwzhen/law-cn-ai,lvwzhen,8,2023-06-23T08:20:17Z,âš–ï¸ AI æ³•å¾‹åŠ©æ‰‹
93,chatGPT,next-enterprise,4508,753,TypeScript,https://github.com/Blazity/next-enterprise,Blazity,6,2023-10-12T22:51:22Z,"ğŸ’¼ An enterprise-grade Next.js boilerplate for high-performance, maintainable apps. Packed with features like Tailwind CSS, TypeScript, ESLint, Prettier, testing tools, and more to accelerate your development."
94,chatGPT,continue,4445,184,Python,https://github.com/continuedev/continue,continuedev,45,2023-10-13T23:34:07Z,â© the open-source autopilot for software developmentâ€”bring the power of ChatGPT to VS Code and JetBrains
95,chatGPT,ChatGPT-wechat-bot,4283,944,TypeScript,https://github.com/AutumnWhj/ChatGPT-wechat-bot,AutumnWhj,94,2023-07-04T14:04:53Z,ChatGPT for wechat https://github.com/AutumnWhj/ChatGPT-wechat-bot
96,chatGPT,BibiGPT-v1,4273,561,TypeScript,https://github.com/JimmyLv/BibiGPT-v1,JimmyLv,36,2023-10-11T12:53:34Z,"BibiGPT v1 Â· one-Click AI Summary for Audio/Video & Chat with Learning Content: Bilibili | YouTube | Tweetä¸¨TikTokä¸¨Dropboxä¸¨Google Driveä¸¨Local files | Websitesä¸¨Podcasts | Meetings | Lectures, etc. éŸ³è§†é¢‘å†…å®¹ AI ä¸€é”®æ€»ç»“ & å¯¹è¯ï¼šå“”å“©å“”å“©ä¸¨YouTubeä¸¨æ¨ç‰¹ä¸¨å°çº¢ä¹¦ä¸¨æŠ–éŸ³ä¸¨å¿«æ‰‹ä¸¨ç™¾åº¦ç½‘ç›˜ä¸¨é˜¿é‡Œäº‘ç›˜ä¸¨ç½‘é¡µä¸¨æ’­å®¢ä¸¨ä¼šè®®ä¸¨æœ¬åœ°æ–‡ä»¶ç­‰ (åŸ BiliGPT çœæµç¥å™¨ & AIè¯¾ä»£è¡¨)"
97,chatGPT,myGPTReader,4237,441,Python,https://github.com/madawei2699/myGPTReader,madawei2699,10,2023-09-14T05:26:52Z,A community-driven way to read and chat with AI bots - powered by chatGPT.
98,chatGPT,PyChatGPT,4192,463,Python,https://github.com/rawandahmad698/PyChatGPT,rawandahmad698,31,2023-01-05T19:45:36Z,"âš¡ï¸ Python client for the unofficial ChatGPT API with auto token regeneration, conversation tracking, proxy support and more."
99,chatGPT,awesome-totally-open-chatgpt,4166,168,,https://github.com/nichtdax/awesome-totally-open-chatgpt,nichtdax,3,2023-05-03T02:45:22Z,A list of totally open alternatives to ChatGPT
100,chatGPT,aider,4152,598,Python,https://github.com/paul-gauthier/aider,paul-gauthier,29,2023-10-12T14:01:28Z,aider is AI pair programming in your terminal
